ENF15CT00-DR000200,ALMATEX 15CT,IRS,, 18 ,2019-01-06,OC-002
ENF5446TT-DR000200,ALMATEX L5446TT,IRS,, 40 ,2019-01-07,OC-002
ENF555ET0-DR000200,ALMATEX 555ET,IRS,, 24 ,2019-01-08,OC-002
ENF719T00-DR000200,ALMATEX 719KT,IRS,, 24 ,2019-01-09,OC-002
ENF750T00-DR000200,ALMATEX 750T,IRS,Almatex, 18 ,2019-01-10,OC-002
ENF784000-DR000200,ALMATEX 784,IRS,Almatex, 20 ,2019-01-11,OC-002
ENF785500-DR000200,"ALMATEX 785-5,ALMATEX 7855",IRS,Almatex, 18 ,2019-01-12,OC-002
ENF787000-DR000200,ALMATEX 787,IRS,Almatex, 20 ,2019-01-13,OC-002
ENF792FT0-DR000200,ALMATEX 792FT,IRS,Almatex, 16 ,2019-01-14,OC-002
ENFB303T0-DR000200,ALMATEX B303T,IRS,Almatex, 20 ,2019-01-15,OC-002
ENFB310T0-DR000200,ALMATEX B310T,IRS,Almatex, 20 ,2019-01-16,OC-002
ENFB34100-DR000200,ALMATEX B341,IRS,Almatex, 18 ,2019-01-17,OC-002
ENFC11700-DR000200,ALMATEX C117,IRS,Almatex, 18 ,2019-01-18,OC-002
ENFC118T0-DR000200,ALMATEX C118T,IRS,Almatex, 22 ,2019-01-19,OC-002
ENFC20100-DR000200,ALMATEX C201,IRS,Almatex, 22 ,2019-01-20,OC-002
ENFC20200-DR000200,ALMATEX C202,IRS,Almatex, 18 ,2019-01-21,OC-002
ENFC20700-DR000200,ALMATEX C207,IRS,Almatex, 20 ,2019-01-22,OC-002
ENFC40800-DR000200,ALMATEX C408,IRS,Almatex, 18 ,2019-01-23,OC-002
ENFCP9950-DR000200,ALMATEX CP99-5,IRS,Almatex, 1 ,2019-01-24,OC-002
ENFCP9990-DR000200,ALMATEX CP999,IRS,, 24 ,2019-01-25,OC-002
ENFKH113T-DR000200,ALMATEX KH113(T),IRS,Almatex, 20 ,2019-01-26,OC-002
ENFKH210T-DR000200,ALMATEX KH210(T),IRS,Almatex, 20 ,2019-01-27,OC-002
ENFL10010-BLK09000,ALMATEX L1001,IRS,, 36 ,2019-01-28,OC-002
ENFL10010-DR000180,ALMATEX L1001,IRS,, 36 ,2019-01-29,OC-002
ENFL10020-DR000190,ALMATEX L1002,IRS,, 20 ,2019-01-30,OC-002
ENFL1044S-DR000200,ALMATEX L1044S,IRS,Almatex, 20 ,2019-01-31,OC-002
ENFL1093T-DR000200,ALMATEX L1093T,IRS,Almatex, 20 ,2019-02-01,OC-002
ENFL20010-DR000200,ALMATEX L2001,IRS,Almatex, 20 ,2019-02-02,OC-002
ENFL20580-DR000200,ALMATEX L2058,IRS,Almatex, 17 ,2019-02-03,OC-002
ENFL2093T-DR000200,ALMATEX L2093T,IRS,, 20 ,2019-02-04,OC-002
ENFL5446T-DR000200,ALMATEX L5446T,IRS,Almatex, 48 ,2019-02-05,OC-002
ENFL7003T-DR000200,ALMATEX L7003T,IRS,Almatex, 18 ,2019-02-06,OC-002
ENFL8180C-DR000200,ALMATEX L8180CT,IRS,, 16 ,2019-02-07,OC-002
ENFL90900-DR000200,ALMATEX L9090,IRS,Almatex, 16 ,2019-02-08,OC-002
ENFL9092B-DR000200,ALMATEX L9092BT,IRS,, 18 ,2019-02-09,OC-002
ENFNT1431-DR000200,NT4-31E,IRS,, 24 ,2019-02-10,OC-002
ENFP64600-DR000200,ALMATEX P646,IRS,Almatex, 48 ,2019-02-11,OC-002
ENFP662BT-DR000200,ALMATEX P662BT,IRS,Almatex, 56 ,2019-02-12,OC-002
ENFR50790-DR000200,ALMATEX R5-079,IRS,Almatex, 20 ,2019-02-13,OC-002
ENFR5099T-DR000200,ALMATEX R5-099T,IRS,Almatex, 24 ,2019-02-14,OC-002
ENFTL2160-DR000200,ALMATEX TL-216,IRS,Almatex, 18 ,2019-02-15,OC-002
ENFXA5650-DR000200,ALMATEX XA565,IRS,, 24 ,2019-02-16,OC-002
ENJ843AT0-DR000200,ALMATEX 843AT,IRS,, 24 ,2019-03-28,OC-002
ENJAO5290-DR000200,OLESTER AO-529,IRS,Almatex, 15 ,2019-03-29,OC-002
ENJAO5490-DR000200,OLESTER AO-549,IRS,Almatex, 15 ,2019-03-30,OC-002
ENJBVAP50-DR000200,OLESTER BV-APO-50X,IRS,Almatex, 16 ,2019-03-31,OC-002
ENJBWT028-DR000200,OLESTER BWT-028,IRS,Almatex, 15 ,2019-04-01,OC-002
ENJQ16600-DR000200,OLESTER Q166,IRS,Almatex, 18 ,2019-04-02,OC-002
ENJQ17090-DR000200,OLESTER Q1709,IRS,Almatex, 19 ,2019-04-03,OC-002
ENJQ171X0-DR000200,OLESTER Q171X,IRS,Almatex, 20 ,2019-04-04,OC-002
ENJQ193X0-DR000200,OLESTER Q193X,IRS,Almatex, 20 ,2019-04-05,OC-002
ENJQ197T0-DR000200,OLESTER Q197T,IRS,Almatex, 20 ,2019-04-06,OC-002
ENJQ266T0-DR000200,OLESTER Q266T,IRS,Almatex, 18 ,2019-04-07,OC-002
ENJQ580ET-DR000200,OLESTER Q580ET,IRS,, 26 ,2019-04-08,OC-002
ENJQ618BT-DR000200,OLESTER Q618BT,IRS,, 20 ,2019-04-09,OC-002
ENJQ70000-DR000200,OLESTER Q700,IRS,Almatex, 17 ,2019-04-10,OC-002
ENJQB1528-DR000200,OLESTER QB1528T,IRS,Almatex, 22 ,2019-04-11,OC-002
ENJQB5100-DR000200,OLESTER QB510,IRS,Almatex, 20 ,2019-04-12,OC-002
ENJQB529T-DR000200,OLESTER QB529T,IRS,Almatex, 24 ,2019-04-13,OC-002
ENJQC300G-DR000200,OLESTER QC300G,IRS,Almatex, 18 ,2019-04-14,OC-002
ENJQC4120-DR000200,OLESTER QC412,IRS,Almatex, 20 ,2019-04-15,OC-002
ENJQC414T-DR000200,OLESTER QC414T,IRS,Almatex, 20 ,2019-04-16,OC-002
ENJQC4175-DR000200,OLESTER QC417-5,IRS,Almatex, 20 ,2019-04-17,OC-002
ENJQC418A-DR000200,OLESTER QC418AT,IRS,Almatex, 19 ,2019-04-18,OC-002
ENJQC418H-DR000200,OLESTER QC418HT,IRS,Almatex, 18 ,2019-04-19,OC-002
ENJQC560E-DR000200,OLESTER QC560E,IRS,, 20 ,2019-04-20,OC-002
ENJQC801T-DR000200,OLESTER QC801T,IRS,, 19 ,2019-04-21,OC-002
ENJQM1526-DR000200,OLESTER  QM1526,IRS,Almatex, 20 ,2019-04-22,OC-002
ENJQM5240-DR000200,OLESTER QM524,IRS,Almatex, 20 ,2019-04-23,OC-002
ENJQM5320-DR000200,OLESTER QM532,IRS,Almatex, 22 ,2019-04-24,OC-002
ENJQM5327-DR000200,OLESTER QM5327T,IRS,Almatex, 18 ,2019-04-25,OC-002
ENJQM743B-DR000200,OLESTER QM743BT,IRS,Almatex, 16 ,2019-04-26,OC-002
ENJQR2020-DR000200,OLESTER QR202,IRS,Almatex, 18 ,2019-04-27,OC-002
ENJQR203A-DR000200,OLESTER QR203AT,IRS,, 24 ,2019-04-28,OC-002
ENJQR331T-DR000200,OLESTER QR331T,IRS,Almatex, 17 ,2019-04-29,OC-002
ENJSQ1034-DR000200,OLESTER SQ103-4,IRS,, 24 ,2019-04-30,OC-002
ENJSQ1930-DR000200,OLESTER SQ193,IRS,, 18 ,2019-05-01,OC-002
ENK858000-DR000180,EPOKEY 858,IRS,Almatex, 48 ,2019-05-02,OC-002
ENK858000-DR000200,EPOKEY 858,IRS,, 48 ,2019-05-03,OC-002
ENK868000-CN000018,EPOKEY 868,IRS,, 1 ,2019-05-04,OC-002
ENK868000-DR000180,EPOKEY 868,IRS,Almatex, 48 ,2019-05-05,OC-002
ENR10RS00-DR000200,U-VAN 10RS,IRS,UVAN, 18 ,2019-05-06,OC-002
ENR122000-DR000200,U-VAN 122,IRS,UVAN, 16 ,2019-05-07,OC-002
ENR128000-DR000200,U-VAN 128,IRS,UVAN, 14 ,2019-05-08,OC-002
ENR13T000-BLK20000,U-VAN 13T,IRS,, 12 ,2019-05-09,OC-002
ENR13T000-DR000200,U-VAN 13T,IRS,UVAN, 1 ,2019-05-10,OC-002
ENR13T000-DR001200,U-VAN 13T,IRS,, 26 ,2019-05-11,OC-002
ENR202000-DR000200,U-VAN 2020,IRS,UVAN, 20 ,2019-05-12,OC-002
ENR20AT00-DR000200,U-VAN 20AT,IRS,UVAN, 1 ,2019-05-13,OC-002
ENR20L65A-DR000200,U-VAN 20LS65A,IRS,UVAN, 15 ,2019-05-14,OC-002
ENR20N600-DR000200,U-VAN 20N60,IRS,UVAN, 14 ,2019-05-15,OC-002
ENR20SE65-DR000200,U-VAN 20SE65,IRS,UVAN, 14 ,2019-05-16,OC-002
ENR220000-DR000200,U-VAN 220,IRS,UVAN, 16 ,2019-05-17,OC-002
ENR225000-DR000200,U-VAN 225,IRS,UVAN, 22 ,2019-05-18,OC-002
ENR236HV0-DR000200,U-VAN 236HV,IRS,UVAN, 24 ,2019-05-19,OC-002
ENR286000-DR000200,U-VAN 28-60,IRS,UVAN, 14 ,2019-05-20,OC-002
ENR2865EH-DR000200,U-VAN 28-65EHT,IRS,, 16 ,2019-05-21,OC-002
ENR36T000-DR000200,U-VAN 36T,IRS,UVAN, 18 ,2019-05-22,OC-002
ENR48B000-DR000200,U-VAN 48B,IRS,UVAN, 14 ,2019-05-23,OC-002
ENR602000-DR000200,U-VAN 6020,IRS,UVAN, 13 ,2019-05-24,OC-002
ENR60R000-DR000200,U-VAN 60R,IRS,, 16 ,2019-05-25,OC-002
ENR622000-DR000200,U-VAN 6220,IRS,, 13 ,2019-05-26,OC-002
ENR62E000-DR000200,U-VAN 62E,IRS,UVAN, 15 ,2019-05-27,OC-002
ENR925T70-DR000200,U-VAN 925T-70,IRS,UVAN, 14 ,2019-05-28,OC-002
ENRAO4290-DR000200,U-VAN AO429,IRS,UVAN, 16 ,2019-05-29,OC-002
ENRCAT600-KY000200,Catalyst 6000,IRS,Almatex, 2 ,2019-05-30,OC-002
ENRM63T00-DR000200,U-VAN M63T,IRS,UVAN, 24 ,2019-05-31,OC-002
ENRM67T00-CN000018,U-VAN M67T,IRS,, 1 ,2019-06-01,OC-002
ENRM67T00-DR000200,U-VAN M67T,IRS,UVAN, 24 ,2019-06-02,OC-002
ENRMB20T0-DR000200,U-VAN MB20T,IRS,UVAN, 24 ,2019-06-03,OC-002
ENRMB30T0-DR000200,U-VAN MB30T,IRS,UVAN, 16 ,2019-06-05,OC-002
ENRMB35T0-RD000200,U-VAN MB35T,IRS,, 26 ,2019-06-06,OC-002
ENRMB51EH-DR000200,U-VAN MB51EHT,IRS,UVAN, 18 ,2019-06-07,OC-002
ESA127TPN-DR000220,ESTAR R127TP(N),IRS,, 24 ,2019-06-23,OC-002
ESA128NNN-DR000230,ESTAR R128NNN,IRS,, 24 ,2019-06-24,OC-002
ESA135NNN-DR000230,ESTAR R135NNN,IRS,, 24 ,2019-06-25,OC-002
ESA139NNN-DR000230,ESTAR  R139NNN,IRS,, 24 ,2019-06-26,OC-002
ESA225TPN-DR000220,ESTAR RF225TP(N),IRS,, 22 ,2019-06-27,OC-002
ESA235TPN-DR000220,ESTAR R235TP(N),IRS,, 24 ,2019-06-28,OC-002
ESA235TPW-DR000220,ESTAR R235TP(W),IRS,, 24 ,2019-06-29,OC-002
ESA289TPN-DR000220,ESTAR R289TP(N),IRS,, 38 ,2019-06-30,OC-002
ESAC31500-BLK01100,ESTAR C315,IRS,, 1 ,2019-07-01,OC-002
ESAC31500-DR000220,ESTAR C315,IRS,, 24 ,2019-07-02,OC-002
ESAEM2300-CN000150,ESTAR EM23,IRS,Estar, 3 ,2019-07-03,OC-002
ESAEMMA00-CN000150,ESTAR EM-MA,IRS,Estar, 3 ,2019-07-04,OC-002
ESAEP6500-CN000150,ESTAR EP65,IRS,, 2 ,2019-07-05,OC-002
ESAH6650T-DR000200,ESTAR H6650T,IRS,, 30 ,2019-07-06,OC-002
ESAH6651T-DR000200,ESTAR H6651T,IRS,, 30 ,2019-07-07,OC-002
ESAH6652P-DR000200,ESTAR H6652PT,IRS,, 5 ,2019-07-08,OC-002
ESAH6653P-DR000200,ESTAR H6653PT,IRS,Estar, 30 ,2019-07-09,OC-002
ESAJTB214-PB000120,ESTAR JTB214NT,IRS,, 1 ,2019-07-10,OC-002
ESAR21100-DR000200,ESTAR R2110,IRS,, 28 ,2019-07-11,OC-002
ESAR336HV-BLK01100,ESTAR R336HV,IRS,, 12 ,2019-07-12,OC-002
ESAR336HV-DR000220,ESTAR R336HV,IRS,, 24 ,2019-07-13,OC-002
RKP9762A0-DR000200,POLYMAL 9762A,IRS,, 18 ,2019-10-10,OC-002
RKP980200-DR000200,POLYMAL 9802,IRS,, 32 ,2019-10-11,OC-002
RKPR14100-DR000160,POLYMAL R141,IRS,, 2 ,2019-10-12,OC-002
ENABM1000-BLK20000,BARIASTAR BM-1000,IRW,Paper, 12 ,2019-01-01,OC-002
ENABM100B-BLK02500,BARIASTAR BM-1000B,IRW,, 26 ,2019-01-02,OC-002
ENAOM1050-BLK20000,BARIASTAR OM-1050,IRW,Paper, 12 ,2019-01-03,OC-002
ENAOM105B-BLK02500,BARIASTAR OM-1050B,IRW,, 26 ,2019-01-04,OC-002
ENCH3150B-BLK01000,HOPELON-3150B,IRW,Paper, 11 ,2019-01-05,OC-002
ENG1140SD-BLK01000,ALMATEX-SE1140SD,IRW,Coating - IRW, 26 ,2019-02-17,OC-002
ENG5087SE-DR000200,ALMATEX-A-5087SE,IRW,, 16 ,2019-02-18,OC-002
ENGA264FT-DR000200,ALMATEX E264FT,IRW,Coating - IRW, 16 ,2019-02-19,OC-002
ENGAL2500-BLK01000,ALMATEX-A-250,IRW,Coating - IRW, 17 ,2019-02-20,OC-002
ENGAL2500-DR000200,ALMATEX-A-250,IRW,Coating - IRW, 1 ,2019-02-21,OC-002
ENGAL2600-BLK01000,ALMATEX-A-260,IRW,Coating - IRW, 22 ,2019-02-22,OC-002
ENGAL2600-DR000200,ALMATEX-A-260,IRW,, 1 ,2019-02-23,OC-002
ENGAL2870-DR000200,ALMATEX-A-287,IRW,, 22 ,2019-02-24,OC-002
ENGAL2890-BLK01000,ALMATEX-A-289,IRW,Coating - IRW, 20 ,2019-02-25,OC-002
ENGAL2890-DR000200,ALMATEX-A-289,IRW,Coating - IRW, 1 ,2019-02-26,OC-002
ENGAL289E-DR000200,ALMATEX-A-289(EX),IRW,, 20 ,2019-02-27,OC-002
ENGAL2910-BLK01000,ALMATEX-A-291,IRW,Coating - IRW, 16 ,2019-02-28,OC-002
ENGAL2910-DR000200,ALMATEX-A-291,IRW,, 1 ,2019-03-01,OC-002
ENGAL583W-BLK01000,ALMATEX-A-583W,IRW,, 18 ,2019-03-02,OC-002
ENGAL583W-DR000200,ALMATEX-A-583W,IRW,, 16 ,2019-03-03,OC-002
ENGAL9009-BLK01000,ALMATEX-A-9009,IRW,Coating - IRW, 17 ,2019-03-04,OC-002
ENGAL9009-DR000100,ALMATEX-A-9009,IRW,Coating - IRW, 1 ,2019-03-05,OC-002
ENGAL9009-DR000200,ALMATEX-A-9009,IRW,Coating - IRW, 1 ,2019-03-06,OC-002
ENGAL9039-BLK01000,ALMATEX-A-9039,IRW,Coating - IRW, 1 ,2019-03-07,OC-002
ENGAL9039-BLK02500,ALMATEX-A-9039,IRW,, 19 ,2019-03-08,OC-002
ENGAL9039-DR000200,ALMATEX A-9039,IRW,Coating - IRW, 1 ,2019-03-09,OC-002
ENGAL9085-DR000200,ALMATEX A-9085,IRW,, 16 ,2019-03-10,OC-002
ENGAL9086-DR000200,ALMATEX-A-9086,IRW,Coating - IRW, 19 ,2019-03-11,OC-002
ENGALA297-DR000200,ALMATEX-A-297,IRW,Coating - IRW, 18 ,2019-03-12,OC-002
ENGALE156-DR000200,ALMATEX E156,IRW,, 16 ,2019-03-13,OC-002
ENGALZ116-DR000200,ALMATEX Z116,IRW,, 18 ,2019-03-14,OC-002
ENGSE2013-BLK01000,ALMATEX SE 2013,IRW,Coating - IRW, 18 ,2019-03-15,OC-002
ENGSE2013-DR000200,ALMATEX SE 2013,IRW,Coating - IRW, 20 ,2019-03-16,OC-002
ENGSE2013-DRN00120,ALMATEX SE 2013,IRW,Textile, 1 ,2019-03-17,OC-002
ENGSE2615-DR000200,ALMATEX SE261-50,IRW,Coating - IRW, 30 ,2019-03-18,OC-002
ENGSE2620-DR000200,ALMATEX SE262,IRW,Coating - IRW, 16 ,2019-03-19,OC-002
ENGSE262N-DR000200,ALMATEX SE262N,IRW,, 16 ,2019-03-20,OC-002
ENGSE263N-DR000200,ALMATEX SE263N,IRW,Coating - IRW, 16 ,2019-03-21,OC-002
ENGSE3100-BLK01000,ALMATEX SE310,IRW,Coating - IRW, 16 ,2019-03-22,OC-002
ENGSE3100-BLK20000,ALMATEX SE310,IRW,Coating - IRW, 8 ,2019-03-23,OC-002
ENGSE3100-DR000200,ALMATEX SE310,IRW,Coating - IRW, 8 ,2019-03-24,OC-002
ENGSE310B-BLK20000,ALMATEX SE310B,IRW,, 16 ,2019-03-25,OC-002
ENGWA159N-BLK01000,ALMATEX WA159N1,IRW,, 26 ,2019-03-26,OC-002
ENGWA159N-DR000200,ALMATEX WA159N1,IRW,Coating - IRW, 20 ,2019-03-27,OC-002
ERAB5600E-BLK01200,STRUCT BOND BW-5600 (EX),IRW,, 13 ,2019-06-08,OC-002
ERAB5600E-KY000036,STRUCT BOND BW-5600 (EX),IRW,, 1 ,2019-06-09,OC-002
ERABW5600-BLK01000,STRUCT BOND BW-5600,IRW,Adhesive, 13 ,2019-06-10,OC-002
ERABW5600-BLK01200,STRUCT BOND BW-5600,IRW,Adhesive, 1 ,2019-06-11,OC-002
ERABW5600-DR000100,STRUCT BOND BW-5600,IRW,Adhesive, 22 ,2019-06-12,OC-002
ERABW5600-KY000005,STRUCT BOND BW-5600,IRW,, 1 ,2019-06-13,OC-002
ERABW5600-KY000036,STRUCT BOND BW-5600,IRW,Adhesive, 1 ,2019-06-14,OC-002
ERASB1124-DR000200,STRUCT BOND SB-1124,IRW,Adhesive, 9 ,2019-06-15,OC-002
ERAVU8800-BLK01200,STRUCT BOND VU-880,IRW,Adhesive, 22 ,2019-06-16,OC-002
ERAVU8800-DR000100,STRUCT BOND VU-880,IRW,Adhesive, 1 ,2019-06-17,OC-002
ERAVU8800-KY000036,STRUCT BOND VU-880,IRW,Adhesive, 1 ,2019-06-18,OC-002
ERAVU8920-BLK01000,STRUCT BOND VU-892,IRW,, 20 ,2019-06-19,OC-002
ERAVU8920-KY000036,STRUCT BOND VU-892,IRW,, 1 ,2019-06-20,OC-002
ERAVU980-BLK001000,STRUCT BOND VU-980,IRW,, 16 ,2019-06-21,OC-002
ERAVU980-KY0000036,STRUCT BOND VU-980,IRW,, 1 ,2019-06-22,OC-002
RKA010500-DR000200,ACRYLAX 0105,IRW,, 4 ,2019-07-14,OC-002
RKA101200-DR000200,ACRYLAX-1012,IRW,, 18 ,2019-07-15,OC-002
RKA101300-DR000200,ACRYLAX-1013,IRW,, 15 ,2019-07-16,OC-002
RKA101400-DR000200,ACRYLAX-1014,IRW,, 15 ,2019-07-17,OC-002
RKA105700-DR000080,ACRYLAX-1057,IRW,Adhesive, 28 ,2019-07-18,OC-002
RKA105700-DR000200,ACRYLAX-1057,IRW,Adhesive, 35 ,2019-07-19,OC-002
RKA106100-DR000200,ACRYLAX-1061,IRW,, 16 ,2019-07-20,OC-002
RKA106500-BLK01000,ACRYLAX-1065,IRW,Adhesive, 16 ,2019-07-21,OC-002
RKA1301M0-DR000200,ACRYLAX-1301M,IRW,Textile, 17 ,2019-07-23,OC-002
RKA1311H1-DR000200,ACRYLAX-1311H-10,IRW,Textile, 16 ,2019-07-24,OC-002
RKA1311H1-KY000020,ACRYLAX-1311H-10,IRW,Textile, 1 ,2019-07-25,OC-002
RKA1312R0-DR000200,ACRYLAX-1312R,IRW,, 8 ,2019-07-26,OC-002
RKA1312S1-DR000200,ACRYLAX-1312S-10,IRW,Textile, 16 ,2019-07-27,OC-002
RKA1312S1-KY000020,ACRYLAX-1312S-10,IRW,Textile, 1 ,2019-07-28,OC-002
RKA180100-DR000100,ACRYLAX-1801,IRW,Textile, 20 ,2019-07-29,OC-002
RKA220000-DR000200,ACRYLAX-2200,IRW,, 16 ,2019-07-30,OC-002
RKA220600-DRN00120,ACRYLAX-2206,IRW,Textile, 17 ,2019-07-31,OC-002
RKA220700-DRN00120,ACRYLAX-2207,IRW,Textile, 17 ,2019-08-01,OC-002
RKA220800-DRN00120,ACRYLAX-2208,IRW,Textile, 16 ,2019-08-02,OC-002
RKA221100-DRN00120,ACRYLAX-2211,IRW,Textile, 12 ,2019-08-03,OC-002
RKA221300-DR000100,ACRYLAX-2213,IRW,, 10 ,2019-08-04,OC-002
RKA221400-DRN00120,ACRYLAX-2214,IRW,Textile, 10 ,2019-08-05,OC-002
RKA3341HB-BLK01000,ACRYLAX-3341HB,IRW,Textile, 16 ,2019-08-06,OC-002
RKA3342SB-DR000200,ACRYLAX-3342SB-10,IRW,Textile, 16 ,2019-08-07,OC-002
RKA3345P0-BLK06000,ACRYLAX-3345P,IRW,, 17 ,2019-08-08,OC-002
RKA3345P0-DR000200,ACRYLAX-3345P,IRW,Textile, 1 ,2019-08-09,OC-002
RKA3351H1-DR000200,ACRYLAX-3351HB-10,IRW,Textile, 16 ,2019-08-10,OC-002
RKA3351HB-DR000200,ACRYLAX-3351HB,IRW,, 8 ,2019-08-11,OC-002
RKA335500-DR000200,ACRYLAX-3355,IRW,Textile, 17 ,2019-08-12,OC-002
RKA336100-BLK01000,ACRYLAX-3361,IRW,, 1 ,2019-08-13,OC-002
RKA336100-BLK06000,ACRYLAX-3361,IRW,, 16 ,2019-08-14,OC-002
RKA3701HV-DR000200,ACRYLAX-3701HV,IRW,Textile, 6 ,2019-08-15,OC-002
RKA405000-DR000100,ACRYLAX-405,IRW,Textile, 18 ,2019-08-16,OC-002
RKA431000-DR000200,ACRYLAX-431,IRW,Adhesive, 16 ,2019-08-17,OC-002
RKA450100-DR000200,ACRYLAX-4501,IRW,Textile, 16 ,2019-08-18,OC-002
RKA502900-DR000100,ACRYLAX-5029,IRW,Textile, 19 ,2019-08-19,OC-002
RKA506000-DR000200,ACRYLAX-506,IRW,Adhesive, 15 ,2019-08-20,OC-002
RKA508800-DR000100,ACRYLAX-5088,IRW,Textile, 20 ,2019-08-21,OC-002
RKA701200-DR000200,ACRYLAX-7012,IRW,, 16 ,2019-08-22,OC-002
RKA701400-BLK01000,ACRYLAX 7014,IRW,, 18 ,2019-08-23,OC-002
RKA701400-DR000100,ACRYLAX 7014,IRW,, 1 ,2019-08-24,OC-002
RKA730700-DR000100,ACRYLAX-7307,IRW,Adhesive, 20 ,2019-08-25,OC-002
RKA730700-DR000200,ACRYLAX 7307,IRW,, 1 ,2019-08-26,OC-002
RKA730900-BLK01000,ACRYLAX-7309,IRW,, 12 ,2019-08-27,OC-002
RKA730900-BX000020,ACRYLAX-7309,IRW,Adhesive, 1 ,2019-08-28,OC-002
RKA731300-BLK01000,ACRYLAX-7313,IRW,, 16 ,2019-08-29,OC-002
RKA731300-BX000020,ACRYLAX-7313,IRW,Adhesive, 1 ,2019-08-30,OC-002
RKA731300-DR000100,ACRYLAX-7313,IRW,, 16 ,2019-08-31,OC-002
RKA731400-DR000200,ACRYLAX-7314,IRW,Textile, 16 ,2019-09-01,OC-002
RKA731700-BLK01000,ACRYLAX-7317,IRW,, 4 ,2019-09-02,OC-002
RKA731700-BX000020,ACRYLAX-7317,IRW,Adhesive, 2 ,2019-09-03,OC-002
RKA750200-DR000200,ACRYLAX-7502,IRW,Textile, 17 ,2019-09-04,OC-002
RKA850000-DR000200,ACRYLAX-85,IRW,Textile, 20 ,2019-09-05,OC-002
RKA890600-BLK01000,ACRYLAX-8906,IRW,, 1 ,2019-09-06,OC-002
RKA890600-BLK02500,ACRYLAX-8906,IRW,, 18 ,2019-09-07,OC-002
RKA890600-DR000100,ACRYLAX-8906,IRW,, 1 ,2019-09-08,OC-002
RKA890700-BLK01000,ACRYLAX-8907,IRW,Paper, 1 ,2019-09-09,OC-002
RKA890700-BLK02500,ACRYLAX-8907,IRW,, 20 ,2019-09-10,OC-002
RKA890700-DR000100,ACRYLAX-8907,IRW,, 1 ,2019-09-11,OC-002
RKA9201H0-BLK01000,Acrylax-9201H,IRW,, 18 ,2019-09-12,OC-002
RKA9201H0-DR000200,ACRYLAX-9201H,IRW,Textile, 18 ,2019-09-13,OC-002
RKA950900-BLK01000,ACRYLAX-9509,IRW,Textile, 1 ,2019-09-14,OC-002
RKA950900-BLK02500,ACRYLAX-9509,IRW,, 19 ,2019-09-15,OC-002
RKA950900-DR000100,ACRYLAX-9509,IRW,, 1 ,2019-09-16,OC-002
RKA950900-DR000200,ACRYLAX-9509,IRW,Textile, 1 ,2019-09-17,OC-002
RKA952100-DR000200,ACRYLAX-9521,IRW,Textile, 18 ,2019-09-18,OC-002
RKA9612BT-BLK01000,ACRYLAX-9612BT,IRW,Textile, 16 ,2019-09-19,OC-002
RKA9612BT-BLK06000,ACRYLAX-9612BT,IRW,, 18 ,2019-09-20,OC-002
RKABEM100-BLK01000,BARIASTAR BEM-1,IRW,, 18 ,2019-09-21,OC-002
RKAGD282N-DR001000,ACRYLAX AGD-282N,IRW,, 15 ,2019-09-22,OC-002
RKAL0604T-BLK01000,ALMATEX-A-0604T,IRW,Textile, 1 ,2019-09-23,OC-002
RKAL0604T-DR000200,ALMATEX-A-0604T,IRW,, 1 ,2019-09-24,OC-002
RKAL90100-DR000200,ALMATEX- 9010,IRW,, 5 ,2019-09-25,OC-002
RKALA9055-DR000100,ALMATEX-A-9055,IRW,, 1 ,2019-09-27,OC-002
RKALA9055-DR000200,ALMATEX-A-9055,IRW,, 16 ,2019-09-28,OC-002
RKALA9092-BLK01000,ALMATEX-A-9092,IRW,, 16 ,2019-09-29,OC-002
RKAST1500-DR000200,STYRAX-150,IRW,Textile, 19 ,2019-09-30,OC-002
RKO10P117-BLK01200,10%POLY VINYL ALCOHOL 117S,IRW,, 11 ,2019-10-02,OC-002
RKO10P224-BLK01200,10%POLY VINYL ALCOHOL 224E,IRW,, 12 ,2019-10-03,OC-002
RKO20PGLO-DR000100,20%POLYVINYL ALCOHOL GL-05,IRW,, 8 ,2019-10-04,OC-002
RKOSBBSA4-DR000080,STARBOND-BSA 4,IRW,Adhesive, 36 ,2019-10-05,OC-002
RKOSN500A-CN000250,SN-500A,IRW,Estar, 8 ,2019-10-06,OC-002
RKOSN500B-CN000250,SN-500B,IRW,Estar, 8 ,2019-10-07,OC-002
RKOXC2250-BLK01000,ACCOFLOC XC-225,IRW,Paper, 12 ,2019-10-08,OC-002
RKOXC2250-KY000020,ACCOFLOC XC-225,IRW,Paper, 1 ,2019-10-09,OC-002
RKUP55000-BLK01000,U-RAMIN P-5500,IRW,Paper, 12 ,2019-10-13,OC-002
RKUP55000-DR000100,U-RAMIN P-5500,IRW,Textile, 1 ,2019-10-14,OC-002
RKUP61020-BLK01000,U-RAMIN P-6102,IRW,Paper, 17 ,2019-10-15,OC-002
RKUT30500-DR000100,U-RAMIN T-305,IRW,Textile, 12 ,2019-10-16,OC-002
RKUT306H0-DR000200,U-RAMIN T-306H,IRW,, 12 ,2019-10-17,OC-002
RKUT30M00-DR000100,U-RAMIN T-30M,IRW,, 14 ,2019-10-18,OC-002
RKUT37800-DR000100,U-RAMIN T-3780,IRW,, 14 ,2019-10-19,OC-002
RKUT37HC0-DR000100,U-RAMIN T-37HC,IRW,Textile, 16 ,2019-10-20,OC-002
RKUT37TN0-BLK01000,U-RAMIN T-37TN,IRW,Textile, 20 ,2019-10-21,OC-002
RKUT80000-DR000200,U-RAMIN T-80,IRW,, 9 ,2019-10-22,OC-002
RKUT90000-DR000120,U-RAMIN T-90,IRW,, 8 ,2019-10-23,OC-002
RKUTF1000-BLK01000,U-RAMIN T-F-1,IRW,, 8 ,2019-10-24,OC-002
RKUTF1000-DR000100,U-RAMIN T-F-1,IRW,Textile, 1 ,2019-10-25,OC-002
RKUTMQ000-DR000100,U-RAMIN T-MQ,IRW,Textile, 6 ,2019-10-26,OC-002
RKUTP0000-DR000100,U-RAMIN T-P,IRW,, 6 ,2019-10-27,OC-002
RKUTP2000-DR000100,U-RAMIN T-P-2,IRW,, 5 ,2019-10-28,OC-002
RKUTP3000-DR000100,URAMIN T-P-3,IRW,Textile, 5 ,2019-10-29,OC-002
RKUUVAMBP-DR000200,U-VAN MBP,IRW,, 8 ,2019-10-30,OC-002
RKV18B000-DR001000,VINYLAX-18B,IRW,, 19 ,2019-10-31,OC-002
RKV282B00-BLK01000,VINYLAX-282B,IRW,Adhesive, 28 ,2019-11-01,OC-002
RKV282NS0-BLK01000,VINYLAX-282NS,IRW,Adhesive, 22 ,2019-11-02,OC-002
RKV550100-BLK01000,VINYLAX-5501,IRW,, 22 ,2019-11-03,OC-002
RKV6131N2-BLK01000,VINYLAX-6131N2,IRW,Adhesive, 20 ,2019-11-04,OC-002
RKV6131N2-BX000020,VINYLAX-6131N2,IRW,, 1 ,2019-11-05,OC-002
RKV6131N3-BLK01000,VINYLAX-6131N3,IRW,, 19 ,2019-11-06,OC-002
RKV6131N3-BX000020,VINYLAX-6131N3,IRW,Adhesive, 1 ,2019-11-07,OC-002
RKVB3200E-DR000100,BONDWOOD-3200 (EX),IRW,, 16 ,2019-11-08,OC-002
RKVB3200E-KY000036,BONDWOOD-3200 (EX),IRW,, 1 ,2019-11-09,OC-002
RKVB3300C-BLK01000,BONDWOOD-3300C,IRW,, 12 ,2019-11-10,OC-002
RKVB3300C-KY000036,BONDWOOD-3300C,IRW,, 1 ,2019-11-11,OC-002
RKVBW1001-BX000020,BONDWOOD-1001,IRW,, 1 ,2019-11-12,OC-002
RKVBW1001-DR000100,BONDWOOD-1001,IRW,Adhesive, 24 ,2019-11-13,OC-002
RKVBW3006-BLK01000,BONDWOOD-3006,IRW,Adhesive, 23 ,2019-11-14,OC-002
RKVBW3006-DR000100,BONDWOOD-3006,IRW,Adhesive, 22 ,2019-11-15,OC-002
RKVBW3130-BLK01000,BONDWOOD-313,IRW,Adhesive, 20 ,2019-11-16,OC-002
RKVBW3130-DR000100,BONDWOOD-313,IRW,Adhesive, 14 ,2019-11-17,OC-002
RKVBW3130-KY000036,BONDWOOD-313,IRW,, 1 ,2019-11-18,OC-002
RKVBW3200-DR000100,BONDWOOD-3200 (IN),IRW,Adhesive, 22 ,2019-11-19,OC-002
RKVBW3300-DR000100,BONDWOOD-3300,IRW,Adhesive, 14 ,2019-11-20,OC-002
RKVBW3300-KY000036,BONDWOOD-3300,IRW,Adhesive, 1 ,2019-11-21,OC-002
RKVV15IM0-DR000100,VINYLAX-15IM,IRW,Textile, 22 ,2019-11-22,OC-002
RKVV22100-DR000100,VINYLAX-221,IRW,Adhesive, 21 ,2019-11-23,OC-002
RKVV221G0-DR000100,VINYLAX-221G,IRW,Adhesive, 21 ,2019-11-24,OC-002
RKVV25000-DR000100,VINYLAX-25,IRW,Adhesive, 23 ,2019-11-25,OC-002
RKVV281L0-BLK01000,VINYLAX-281L,IRW,Adhesive, 21 ,2019-11-26,OC-002
RKVV282L0-BLK01000,VINYLAX-282L,IRW,, 22 ,2019-11-27,OC-002
RKVV41000-DR000100,VINYLAX-41,IRW,Adhesive, 17 ,2019-11-28,OC-002
RKVV60440-DR000100,VINYLAX-6044,IRW,Adhesive, 14 ,2019-11-29,OC-002
RKVV60450-BLK01000,VINYLAX-6045,IRW,, 14 ,2019-11-30,OC-002
RKVV60450-BX000020,VINYLAX-6045,IRW,Adhesive, 1 ,2019-12-01,OC-002
RKVV60450-DR000100,VINYLAX-6045,IRW,Adhesive, 1 ,2019-12-02,OC-002
RKVV60460-BLK01000,VINYLAX-6046,IRW,, 18 ,2019-12-03,OC-002
RKVV60460-BX000020,VINYLAX-6046,IRW,, 1 ,2019-12-04,OC-002
RKVV61010-DR000100,VINYLAX-6101,IRW,Adhesive, 22 ,2019-12-05,OC-002
RKVV61450-BLK01000,VINYLAX-6145,IRW,Adhesive, 10 ,2019-12-06,OC-002
RKVV61450-BX000020,VINYLAX-6145,IRW,Adhesive, 1 ,2019-12-07,OC-002
RKVV70600-DR000100,VINYLAX-706,IRW,Textile, 6 ,2019-12-08,OC-002
RKVVSC032-BLK01000,VINYSOL-C-032,IRW,Coating - IRW, 18 ,2019-12-09,OC-002
RKVVSC032-DR000200,VINYSOL-C-032,IRW,Coating - IRW, 24 ,2019-12-10,OC-002
RKVVSC035-BLK01000,VINYSOL-C-035,IRW,, 18 ,2019-12-11,OC-002
UGGL6200R-CN000020,NIAX SILICONE L-620,UU,OTH, 99 ,2019-12-12,OC-002
UGM121THB-DR000250,TUF-121TH-B,UU,Flexible Foam, 6 ,2019-12-13,OC-002
UGM125B00-DR000200,COSMONATE TUF-125B,UU,, 6 ,2019-12-14,OC-002
UGMAX662T-CN000018,HIPRENE AX-662,UU,MDI, 12 ,2019-12-16,OC-002
UGMCM200R-DR000150,COSMONATE M-200,UU,Adhesive, 2 ,2019-12-17,OC-002
UGMCM200R-KY000010,COSMONATE M-200,UU,, 99 ,2019-12-18,OC-002
UGMCM200R-KY000050,COSMONATE M-200,UU,Adhesive, 99 ,2019-12-19,OC-002
UGMCM200R-KY000054,COSMONATE M-200,UU,Adhesive, 99 ,2019-12-20,OC-002
UGMCMC73C-KY000018,COSMONATE MC-73,UU,, 99 ,2019-12-21,OC-002
UGMCOPM33-CN000020,COSMONATE PM-33,UU,MDI, 12 ,2019-12-22,OC-002
UGMCOSLLR-CN000018,COSMONATE LL,UU,, 99 ,2019-12-23,OC-002
UGMCOSTPM-DR000250,COSMONATE-TPM,UU,, 6 ,2019-12-24,OC-002
UGMCOSTTM-DR000250,COSMONATE-TTM,UU,, 6 ,2019-12-25,OC-002
UGMCOTBMT-DR000250,COSMONATE TBM,UU,, 6 ,2019-12-26,OC-002
UGMCOTPMD-DR000250,COSMONATE TPM(D),UU,, 6 ,2019-12-27,OC-002
UGMCOTTMX-DR000250,COSMONATE-TTM(X),UU,, 6 ,2019-12-28,OC-002
UGMMC1569-DR000250,THAMATE MC-1569,UU,, 6 ,2019-12-29,OC-002
UGMMC400T-DR000250,THAMATE MC-400T,UU,, 6 ,2019-12-30,OC-002
UGMMC4600-DR000250,THAMATE MC-460,UU,, 6 ,2019-12-31,OC-002
UGMMC7400-DR000220,COSMONATE MC-74,UU,, 12 ,2020-01-01,OC-002
UGMMC8500-DR000230,COSMONATE MC-85,UU,Flexible Foam, 12 ,2020-01-02,OC-002
UGMMC8900-DR000230,THAMATE MC-89,UU,, 12 ,2020-01-03,OC-002
UGMMM0900-DR000200,COSMONATE MM-09,UU,, 6 ,2020-01-04,OC-002
UGMPM3500-DR000250,COSMONATE PM-35,UU,MDI, 12 ,2020-01-05,OC-002
UGMTM1209-DR000240,THAMATE-1209,UU,MDI, 12 ,2020-01-06,OC-002
UGMTM1552-DR000250,THAMATE-1552,UU,, 6 ,2020-01-07,OC-002
UGMTM1556-DR000230,THAMATE-1556,UU,MDI, 6 ,2020-01-08,OC-002
UGMTM1722-DR000230,THAMATE-1722,UU,MDI, 12 ,2020-01-09,OC-002
UGMTM1788-DR000230,THAMATE-1788,UU,MDI, 12 ,2020-01-10,OC-002
UGMTU125B-DR000230,COSMONATE TUF-125B,UU,Flexible Foam, 6 ,2020-01-12,OC-002
UGP030400-DR000200,XRF-0304,UU,Flexible Foam, 8 ,2020-01-13,OC-002
UGP121THA-DR000200,TUF-121TH-A,UU,Flexible Foam, 10 ,2020-01-14,OC-002
UGP125KTH-DR000200,Actcol TUF-125K(TH),UU,Flexible Foam, 99 ,2020-01-15,OC-002
UGPAF1441-DR000200,THAMOL AF-1441,UU,Flexible Foam, 12 ,2020-01-16,OC-002
UGPAF1502-DR000200,THAMOL AF-1502,UU,PPG, 10 ,2020-01-17,OC-002
UGPBA1568-DR000200,THAMOL BACK-1568,UU,, 10 ,2020-01-18,OC-002
UGPBHT133-DR000200,BHT-13%,UU,, 6 ,2020-01-19,OC-002
UGPBK009A-BLK01000,BACK-009-A,UU,Flexible Foam, 99 ,2020-01-20,OC-002
UGPBU1009-DR000220,THAMOL BU-1009,UU,PPG, 10 ,2020-01-21,OC-002
UGPBU101L-DR000200,THAMOL BU-1001(L),UU,, 10 ,2020-01-22,OC-002
UGPBU101L-DR000220,THAMOL BU-1001(L),UU,, 10 ,2020-01-23,OC-002
UGPBU1498-DR000200,THAMOL BU-1498,UU,, 10 ,2020-01-24,OC-002
UGPBU1611-DR000220,THAMOL BU-1611,UU,PPG, 10 ,2020-01-25,OC-002
UGPBU908M-DR000220,THAMOL BU-908(M),UU,Rigid Foam, 10 ,2020-01-26,OC-002
UGPBU908S-DR000220,THAMOL BU-908(S),UU,, 10 ,2020-01-27,OC-002
UGPBU928S-DR000220,THAMOL BU-928(S),UU,Rigid Foam, 10 ,2020-01-28,OC-002
UGPC1005R-GL000020,THAMOL CR-1005,UU,, 10 ,2020-01-29,OC-002
UGPC20301-DR000200,THAMOL CEP2030-1,UU,Flexible Foam, 10 ,2020-01-30,OC-002
UGPC20401-DR000200,THAMOL CEP2040-1,UU,Flexible Foam, 10 ,2020-01-31,OC-002
UGPC50601-DR000200,THAMOL CEP5060-1,UU,Flexible Foam, 10 ,2020-02-01,OC-002
UGPC60381-DR000200,THAMOL CEP6038-1,UU,Flexible Foam, 10 ,2020-02-02,OC-002
UGPCAT020-KY000020,CAT-02,UU,, 5 ,2020-02-03,OC-002
UGPCL1696-DR000200,THAMOL CL-1696,UU,PPG, 10 ,2020-02-04,OC-002
UGPCL1699-DR000200,THAMOL CL-1699,UU,, 10 ,2020-02-05,OC-002
UGPCL1725-DR000200,THAMOL CL-1725,UU,, 10 ,2020-02-06,OC-002
UGPCL1799-DR000200,THAMOL CL-1799,UU,PPG, 10 ,2020-02-07,OC-002
UGPCP1802-DR000200,THAMOL CP-1802,UU,Flexible Foam, 10 ,2020-02-08,OC-002
UGPCP2030-KY000020,CEP2030-1,UU,, 5 ,2020-02-09,OC-002
UGPCP5060-KY000020,CEP5060-1,UU,, 5 ,2020-02-10,OC-002
UGPCR1005-DR000200,THAMOL CR-1005,UU,, 10 ,2020-02-11,OC-002
UGPCS1539-DR000200,THAMOL CS-1539,UU,, 10 ,2020-02-12,OC-002
UGPCS1551-DR000200,THAMOL CS-1551,UU,, 10 ,2020-02-13,OC-002
UGPCS1688-DR000200,THAMOL CS-1688,UU,, 10 ,2020-02-14,OC-002
UGPCS593A-BLK01100,THAMOL CS-593-A,UU,, 10 ,2020-02-15,OC-002
UGPCS8000-DR000200,THAMOL CS-800,UU,PPG, 10 ,2020-02-16,OC-002
UGPCUS101-BLK01000,HARD-101/CUSHION-101,UU,, 10 ,2020-02-17,OC-002
UGPDB1020-KY000180,THAMOL DB-102,UU,, 99 ,2020-02-18,OC-002
UGPDS1844-DR000200,THAMOL DS-1844,UU,PPG, 10 ,2020-02-19,OC-002
UGPFC1414-DR000200,THAMOL FC-1414,UU,, 10 ,2020-02-20,OC-002
UGPGR84TR-DR000210,ACTCOL GR-84T,UU,, 99 ,2020-02-21,OC-002
UGPH1015A-BLK01000,HARD-1015-A,UU,PPG, 10 ,2020-02-22,OC-002
UGPHD1440-BLK01100,THAMOL HARD-1440,UU,Flexible Foam, 10 ,2020-02-23,OC-002
UGPHL4560-DR000200,THAMOL HL-456,UU,Flexible Foam, 8 ,2020-02-24,OC-002
UGPHR1333-DR000200,THAMOL HR-1333,UU,PPG, 10 ,2020-02-25,OC-002
UGPHR1449-DR000200,THAMOL HR-1449,UU,Flexible Foam, 10 ,2020-02-26,OC-002
UGPHR7550-DR000200,THAMOL HR-755,UU,PPG, 10 ,2020-02-27,OC-002
UGPIB6080-DR000200,THAMOL IB-608,UU,Rigid Foam, 10 ,2020-02-28,OC-002
UGPIF9020-DR000200,THAMOL IF-902,UU,PPG, 12 ,2020-02-29,OC-002
UGPIS1561-DR000200,THAMOL IS-1561,UU,, 10 ,2020-03-01,OC-002
UGPLR1400-DR000200,THAMOL TLR-1400,UU,PPG, 8 ,2020-03-02,OC-002
UGPLR1403-DR000200,THAMOL TLR-1403,UU,PPG, 8 ,2020-03-03,OC-002
UGPMP2164-DR000200,MP-2164(D),UU,Flexible Foam, 12 ,2020-03-05,OC-002
UGPMS1742-DR000200,THAMOL MS-1742,UU,, 10 ,2020-03-06,OC-002
UGPPC1776-DR000200,THAMOL PC-1776,UU,, 10 ,2020-03-07,OC-002
UGPPE7020-DR000200,THAMOL PE-702,UU,PPG, 10 ,2020-03-08,OC-002
UGPPG1829-DR000200,THAMOL PG-1829,UU,, 10 ,2020-03-09,OC-002
UGPPN1459-BLK01000,THAMOL PN-1459,UU,Rigid Foam, 10 ,2020-03-10,OC-002
UGPPN1513-DR000200,THAMOL PN-1513,UU,, 10 ,2020-03-11,OC-002
UGPPN1673-DR000200,THAMOL PN-1673,UU,, 10 ,2020-03-12,OC-002
UGPPN1757-DR000200,THAMOL PN-1757,UU,PPG, 10 ,2020-03-13,OC-002
UGPPN1782-DR000200,THAMOL PN-1782,UU,Rigid Foam, 10 ,2020-03-14,OC-002
UGPPN1815-DR000200,THAMOL PN-1815,UU,Rigid Foam, 10 ,2020-03-15,OC-002
UGPPN2830-DR000200,THAMOL PN-283,UU,, 10 ,2020-03-16,OC-002
UGPPOLYMM-DR000200,Polyol MM,UU,, 6 ,2020-03-17,OC-002
UGPPP1527-DR000200,THAMOL PP-1527,UU,, 10 ,2020-03-18,OC-002
UGPPP1529-DR000200,THAMOL PP-1529,UU,, 10 ,2020-03-19,OC-002
UGPPP1693-DR000200,THAMOL PP-1693,UU,Rigid Foam, 8 ,2020-03-20,OC-002
UGPPP1724-DR000200,THAMOL PP-1724,UU,Rigid Foam, 10 ,2020-03-21,OC-002
UGPPP1727-DR000200,THAMOL PP-1727,UU,, 10 ,2020-03-22,OC-002
UGPPR1759-DR000200,THAMOL PR-1759,UU,Rigid Foam, 10 ,2020-03-23,OC-002
UGPPRG00R-DR000195,Propylene Glycol  (PrG),UU,, 99 ,2020-03-24,OC-002
UGPPS2980-DR000200,THAMOL PS-298,UU,, 10 ,2020-03-25,OC-002
UGPPS4400-DR000200,THAMOL PS-440,UU,, 10 ,2020-03-26,OC-002
UGPR1489D-BLK02500,THAMOL RG-1489(D),UU,, 10 ,2020-03-27,OC-002
UGPR1818D-BLK02500,THAMOL RG-1818(D),UU,, 10 ,2020-03-28,OC-002
UGPRG1289-BLK02500,THAMOL RG-1289,UU,Refrigerator, 10 ,2020-03-29,OC-002
UGPRG1489-BLK01000,THAMOL RG-1489,UU,Refrigerator, 10 ,2020-03-30,OC-002
UGPRG1489-BLK02500,THAMOL RG-1489,UU,, 10 ,2020-03-31,OC-002
UGPRG1585-DR000200,THAMOL RG-1585,UU,, 10 ,2020-04-01,OC-002
UGPRG1818-BLK01000,THAMOL RG-1818,UU,, 10 ,2020-04-02,OC-002
UGPRG1818-BLK02500,THAMOL RG-1818,UU,, 10 ,2020-04-03,OC-002
UGPRG5790-BLK02500,THAMOL RG-579,UU,, 10 ,2020-04-04,OC-002
UGPRG579D-BLK02500,THAMOL RG-579(D),UU,, 10 ,2020-04-05,OC-002
UGPRG7040-BLK01000,THAMOL RG-704,UU,, 10 ,2020-04-06,OC-002
UGPRG704X-BLK01000,THAMOL RG-704(X),UU,, 10 ,2020-04-07,OC-002
UGPS1113H-DR000200,THAMOL SK-1113H,UU,Flexible Foam, 12 ,2020-04-08,OC-002
UGPS1479B-DR000200,THAMOL SP-1479B,UU,, 10 ,2020-04-09,OC-002
UGPSC1558-DR000200,THAMOL SC-1558,UU,, 10 ,2020-04-10,OC-002
UGPSC1579-BLK01000,THAMOL SC-1579,UU,, 8 ,2020-04-11,OC-002
UGPSC1675-DR000200,THAMOL SC-1675,UU,Rigid Foam, 10 ,2020-04-12,OC-002
UGPSC1683-DR000200,THAMOL SC-1683,UU,Rigid Foam, 10 ,2020-04-13,OC-002
UGPSC1839-DR000200,THAMOL SC-1839,UU,, 10 ,2020-04-14,OC-002
UGPSC8030-DR000220,THAMOL SC-803,UU,PPG, 10 ,2020-04-15,OC-002
UGPSD1538-DR000200,THAMOL SD-1538,UU,PPG, 10 ,2020-04-16,OC-002
UGPSD9050-DR000200,THAMOL SD-905,UU,, 10 ,2020-04-17,OC-002
UGPSK1113-DR000200,THAMOL SK-1113,UU,, 12 ,2020-04-18,OC-002
UGPSK1562-DR000200,THAMOL SK-1562,UU,, 12 ,2020-04-19,OC-002
UGPSK1805-DR000200,THAMOL SK-1805,UU,, 12 ,2020-04-20,OC-002
UGPSK1834-DR000200,THAMOL SK-1834,UU,, 12 ,2020-04-21,OC-002
UGPSL1619-DR000200,THAMOL SL-1619,UU,PPG, 10 ,2020-04-22,OC-002
UGPSL1733-DR000200,THAMOL SL-1733,UU,, 10 ,2020-04-23,OC-002
UGPSP1549-DR000200,THAMOL SP-1549,UU,Rigid Foam, 10 ,2020-04-24,OC-002
UGPSP2620-DR000200,THAMOL-SP-262,UU,, 10 ,2020-04-25,OC-002
UGPSP262N-DR000200,THAMOL SP-262(N),UU,Rigid Foam, 10 ,2020-04-26,OC-002
UGPSR451R-DR000215,SR-451,UU,, 99 ,2020-04-27,OC-002
UGPTM1892-DR000250,THAMATE-1892,UU,PPG, 6 ,2020-04-28,OC-002
UGPTP1328-DR000200,THAMOL TP-1328,UU,PPG, 10 ,2020-04-29,OC-002
UGPUF3000-DR000200,UF-3000-P,UU,, 99 ,2020-04-30,OC-002
UGPV1205A-BLK01100,THAMOL VB-1205-A,UU,Flexible Foam, 10 ,2020-05-01,OC-002
UGPVB443A-BLK01000,VB-443-A,UU,Flexible Foam, 10 ,2020-05-02,OC-002
UGPWM1388-DR000200,THAMOL WM-1388,UU,Rigid Foam, 10 ,2020-05-03,OC-002
UGPY5603R-DR000200,Y-5603,UU,, 99 ,2020-05-04,OC-002
UGTCOTM20-DR000250,COSMONATE TM-20,UU,Flexible Foam, 6 ,2020-05-05,OC-002
UGTCOTM30-DR000250,COSMONATE TM-30,UU,TDI, 6 ,2020-05-06,OC-002
UGTT300JJ-DR000220,THAMATE PPG-300JJ,UU,TDI, 12 ,2020-05-07,OC-002
ENRMB30T0-CN000004,U-VAN MB30T,#N/A,#N/A, 1 ,2019-06-04,OC-002
RKA106500-BLK02500,ACRYLAX-1065,#N/A,#N/A, 16 ,2019-07-22,OC-002
RKAL9086P-DR000200,ALMATEX-A-9086P,#N/A,#N/A, 1 ,2019-09-26,OC-002
RKBB610CT-PB000120,PROMINATE BMST-610CT,#N/A,#N/A, 10 ,2019-10-01,OC-002
UGMAX616T-CN000018,HIPRENE AX-616,#N/A,#N/A, 12 ,2019-12-15,OC-002
UGMTM1835-DR000230,THAMATE-1835,#N/A,#N/A, 12 ,2020-01-11,OC-002
UGPMEOH0R-DR000160,Methyl Alcohol (MeOH)                  ,#N/A,#N/A, 12 ,2020-03-04,OC-002
